,0
0,0.08967522570133281
1,0.03190188139832923
2,-0.014894034882139163
3,-0.0391312244247132
4,-0.01337856500152994
5,-0.031408197748699414
6,-0.04593248527627728
7,-0.026611443355452836
8,-0.0010533098916169269
9,-0.05541064502053076
10,-0.00039038865874178093
11,-0.02118903658455817
12,-0.015210977124640056
13,-0.034348262446724995
14,-0.04894742861369101
15,-0.022293849237461732
16,0.046857680436152266
17,0.07013218681917033
18,0.005372022328602355
19,0.05299645579485202
20,0.08229353047529658
21,-0.031646991416219426
22,0.015312578872306477
23,0.04998180477010049
24,0.0173372968677723
25,-0.027517269298798695
26,0.09130966497845272
27,0.03812605509999614
28,-0.035923389333614886
29,-0.08182781771604379
30,0.01940689420031439
31,0.018862283683280755
32,0.03522507597442802
33,-0.000943982914256661
34,0.001832278934380054
35,0.04830946906660542
36,0.007944060016101356
37,-0.013991874121646262
38,-0.011816981616809896
39,-0.05909034214205155
40,-0.00554547998903542
41,0.008584493413468921
42,0.04940240026989447
43,0.024764514609265292
44,0.058796628269226534
45,0.037523815115526285
46,-0.06140316867374826
47,0.05801883173080504
48,-0.042374347335778335
49,-0.06448783476382926
50,-0.012586295510650767
51,-0.045530904734614436
52,-0.03612071741831968
53,-0.008018189715208396
54,-0.008912771182874965
55,-0.031542575495462785
56,0.08682973120315243
57,-0.02275165336032012
58,0.08528489065512279
59,-0.05497615833310232
60,-0.01992829373408349
61,0.05932567154266253
62,-0.06336328472652979
63,0.023643908549652985
64,0.0022213458198303516
65,0.026938712171215292
66,-0.02486158849008925
67,0.012980521721944095
68,-0.04144401090694713
69,-0.026116931404679005
70,-0.03736545195313296
71,-0.014665607493225256
72,0.09951706505746852
73,0.04251506670828825
74,-0.05012797314748651
75,0.14313476084975427
76,-0.05117081021460155
77,0.016861118926346116
78,0.017010489071821254
79,-0.09327743219596042
80,0.0035806646477790868
81,-0.021202947784720105
82,0.07883294283941075
83,0.02752371441426385
84,-0.022308451828246784
85,0.06012824966969105
86,0.025105373561367245
87,-0.011356522344963453
88,0.04104000812798376
89,-0.00406036821048873
90,-0.04869868682303842
91,0.02852594649837566
92,-0.011746363491135472
93,0.055558085277238156
94,0.0003038061827578106
95,0.006111744846457116
96,0.07453033853386734
97,-0.008621063522807778
98,0.027471157899734127
99,-0.018716324907112267
100,0.00579707651763284
101,0.020559584760440442
102,-0.03250936803771359
103,0.0011723827269358783
104,0.04656897759781091
105,-0.03519734018928961
106,-0.02620653859468219
107,0.012656806077222959
108,0.03381083593267344
109,-0.07782863982546968
110,-0.06888348842280308
111,0.033893376550842624
112,0.03360341315304207
113,0.00043847985830426975
114,0.045599079523587376
115,-0.034386057253733705
116,-0.006358831726904159
117,0.007137437997478383
118,-0.033460865942490564
119,-0.001258352403289458
120,0.054900109360303505
121,-0.06957687639424442
122,-0.016175869564582616
123,0.010626699880524336
124,0.04308470673256496
125,-0.059492659217422014
126,0.046865867192649485
127,0.03542260343931785
128,-0.008876607767594977
129,0.04979713522141119
130,0.012143277713465806
131,-0.038396552317169194
132,0.015380504945483892
133,0.001903343386601183
134,0.008477690512285006
135,0.022398711201541622
136,0.001642576300296088
137,0.0029033339841307427
138,-0.0586218942052759
139,0.0168318479778403
140,-0.025823140557755597
141,0.004350803331103206
142,-0.015703471859249942
143,-0.023783162945069374
144,-0.06518182371422007
145,-0.07786326142124074
146,0.03677786168665544
147,-0.11703666374526317
148,0.006878303405524353
149,-0.012581366564167681
150,-0.03957736452807284
151,0.06413771997626243
152,-0.05707368912170277
153,0.03661035536728347
154,-0.014060253914876556
155,-0.0006149357247150387
156,0.001122305610534162
157,-0.025990574664290524
158,0.07772341341068693
159,-0.022183830690070676
160,-0.027452516826970495
161,-0.01388168323783351
162,-0.03921945770582802
163,0.004941484878302595
164,0.01679973130118408
165,-0.03614432905112724
166,0.04619245486740618
167,0.023377538743923322
168,-0.01117390730111039
169,-0.034491107140385904
170,0.033566443379419636
171,-0.08037856081214927
172,-0.05338182610707497
173,-0.01992568179133884
174,-0.010930245134682994
175,0.03956559127680956
176,-0.051163565816659956
177,-0.07355323265408605
178,0.036488825855230306
179,0.024377967104076338
180,-0.0041794161868373815
181,-0.05538729603771392
182,0.032359221491208276
183,-0.01845645402972115
184,-0.06729624015823708
185,-0.030351802970374393
186,0.00040697387134794154
187,0.023446760411633454
188,-0.09147225373860196
189,-0.0060581307512331765
190,-0.07725188213047958
191,-0.03810608516281189
192,-0.010424880891389208
193,-0.040650912623285004
194,-0.041145450646963365
195,0.040599503758974996
196,0.05175521578752252
197,-0.012391232815744325
198,0.030704622869678632
199,0.015334822207936232
200,-0.0014675779233066883
201,0.032447071135608976
202,0.006591523627689109
203,-0.08137798786145359
204,-0.02166754260087087
205,0.08193231942989691
206,-0.049610540991634915
207,-0.05683222834667073
208,-0.0020736871939511935
209,0.06619113693413053
210,-0.0016393951913754282
211,0.0035415303430786707
212,0.05980096602732286
213,-0.053078960097738326
214,-0.05881954001255208
215,-0.015751445371195733
216,-0.09123305646110098
217,-0.0077166227959865295
218,-0.028227438163256856
219,0.016960178616722176
220,-0.03770611492564092
221,0.030401219164553676
222,0.03425276268911783
223,-0.051143363389619896
224,0.027973522961611607
225,0.023045036119375466
226,0.007402450067240857
227,0.033961801549252664
228,-0.07498238931957167
229,-0.032975704391230876
230,0.016359737139919832
231,0.016304875335907944
232,-0.020200140639865763
233,0.011560456152533958
234,-0.030286457421635382
235,-0.00383832064786265
236,0.1048310805078784
237,0.06669618596080504
238,-0.04244744518489295
239,0.046570505444993096
240,0.007859322282395702
241,-0.03202119574439946
242,-0.12167065023375709
243,-0.019634338000025658
244,-0.027814185270993903
245,-0.032932521417254605
246,0.07498151894293596
247,-0.01739427893505805
248,0.043586739955380184
249,0.0015638699681131392
250,0.027589345712385926
251,-0.0028990114774185764
252,-0.002118699283748338
253,-0.026098704735629943
254,-0.1163989178645512
255,-0.04463509975135149
256,-0.06525293431252473
257,0.053480992902011186
258,-0.010285767199547649
259,-0.06379794858808326
260,-0.025854111145187725
261,0.005486878645516067
262,-0.060614687107728965
263,0.06553579115559087
264,0.011335710036812737
265,-0.028657764322356186
266,0.049260848309069835
267,-0.06718839683743852
268,-0.013776151712455604
269,0.07755844208187425
270,-0.029694938140970347
271,0.015273312516303776
272,-0.051741447966903435
273,0.020704260798073536
274,-0.013268319000928782
275,0.030229656429965723
276,-0.010074153017983544
277,-0.04508399736158471
278,-0.011047531965420365
279,0.0115076120555115
280,0.006070612890011524
281,-0.015859421592363466
282,0.005612384244720829
283,0.02386419797523283
284,-0.0010767744660216995
285,0.009038254793063097
286,0.014946411247007093
287,-0.035579916726681704
288,-0.024783608301089166
289,-0.04654671400882932
290,-0.014699658302074464
291,-0.055332547188258335
292,-0.006006108489951828
293,-0.03367995610681441
294,0.00536449303201404
295,0.052300035569061876
296,-0.011248970201920717
297,0.03387785308384638
298,-0.10184737783125951
299,0.009616656445689133
300,-0.011944111840730147
301,-0.0718082034059313
302,0.019072976240100875
303,-0.019341074417745383
304,-0.019053771234964576
305,-0.03922589671804648
306,-0.04392526470355552
307,0.05711555151893728
308,-0.0015650172046975984
309,0.02362139352186301
310,0.008417406332228606
311,-0.012906257820065981
312,0.010636790506941496
313,-0.0247367765297285
314,-0.011957062142228022
315,-0.08041108087920744
316,0.0046169117746292015
317,0.001558728718926866
318,-0.028865820309086923
319,-0.0326676714369142
320,-0.02960119507963979
321,0.019380962909332177
322,0.01325354004092727
323,0.02004802425339455
324,0.052801941486755245
325,0.05710670339648171
326,0.032108537346032695
327,-0.0049921825823124565
328,0.11475812446591015
329,0.04658455633844005
330,0.013841527573660674
331,0.008934453290316478
332,0.08751827082665065
333,-0.04904486063203671
334,-0.03238740494235596
335,-0.02127637411361654
336,-0.0023265092270236564
337,0.03591554175473053
338,-0.03229780457088174
339,0.012372195880226682
340,-0.0037287728827982394
341,0.028787155335809392
342,-0.0074772641565380065
343,0.07175662758951844
344,-0.044909876349193995
345,0.006743168648492703
346,-0.035302816201946106
347,0.006380674001742419
348,0.06780134921141959
349,-0.04539366875931438
350,-0.05094443551289672
351,-0.0036477503021738085
352,-0.03132029740754941
353,-0.0020835536267568055
354,-0.012154860266296329
355,-0.08622239402066074
356,0.005945457638266679
357,-0.028375323788959964
358,-0.06374315736629348
359,-0.058278655170590395
360,0.02646825510529721
361,-0.07663108521937556
362,0.023064201972474514
363,-0.055602499453415506
364,-0.048408374680978895
365,0.030442626397770192
366,0.029352315767133725
367,0.018553950362532417
368,0.060292029207390796
369,-0.03378230881078132
370,0.02299234883595351
371,0.015837311648423075
372,-0.012511443918482235
373,0.012182623322344292
374,0.010271137431460799
375,0.09913372977831536
376,-0.03759917657673223
377,0.06277997264678042
378,-0.04451399839516669
379,0.0009117715802499591
380,0.05539026941020874
381,-0.011661468803432502
382,0.055971374237501946
383,-0.008015581823441868
384,-0.020615447293542557
385,0.06904208836740758
386,0.01386159037852406
387,-0.03046667755489352
388,-0.029322668720538268
389,0.01583173259019621
390,-0.058574763505158375
391,-0.022597489479513472
392,-0.033896538036957816
393,-0.008255460898506388
394,-0.073259323532665
395,0.0017039320164301522
396,-0.08583161947323659
397,-0.01413025764116759
398,0.06727067357540063
399,-0.03463877011137027
400,0.03116903269565693
401,0.05494430516954989
402,-0.028374954085767207
403,0.030848673289277137
404,8.26566700856817e-06
405,-0.0164822265029345
406,-0.014101849593585679
407,-0.010692800536328017
408,0.029617121537555927
409,-0.013509351977472819
410,-0.06590960895557661
411,-0.03882060659739997
412,-0.02608572957461234
413,0.011608609861913333
414,0.012348120564114823
415,0.05314347195642713
416,0.030067162682005336
417,0.0036261614155959974
418,-0.04013573122613015
419,0.04380187373794708
420,0.013354504783209766
421,-0.04278089863707285
422,-0.017507012412483498
423,-0.03298115002092229
424,-0.049209834152329844
425,0.04009257334295364
426,-0.04672445950325501
427,-0.04941495416778917
428,-0.008782847409586037
429,0.010660659096216668
430,0.01138232953824476
431,-0.03906320186366261
432,-0.07310477867023313
433,-0.03293796966292451
434,0.03801719106709171
435,-0.023312109953576916
436,-0.02989490024006221
437,-0.04771383119529977
438,0.015531579949128144
439,0.018540791451709168
440,0.008057083222239842
441,-0.014978478826807449
442,-0.005629333250897748
443,-0.030640462907544682
444,0.003972042513354085
445,0.026926547505238204
446,-0.05241504773254398
447,-0.05254597467388313
448,-0.020959116910654284
449,-0.01953926360138254
450,0.00032890742944060805
451,0.017259922080888307
452,-0.018563611218327777
453,0.005601462472442481
454,-0.0613753281758597
455,-0.011188464927631628
456,0.005200212781504807
457,-0.010050479720741547
458,-0.03209463817362692
459,0.0475195334580616
460,-0.010716037532247591
461,0.011932801321007413
462,0.03048164046939024
463,-0.00848656953698586
464,0.0151251268446593
465,-0.020671612134796017
466,-0.0027243205479195007
467,-0.0016272091886444574
468,0.0723787508239663
469,-0.04867452898844449
470,0.0541375387436332
471,-0.03615423158264823
472,0.0845894366762843
473,0.006477277806585332
474,0.01416226947486639
475,0.039428337762166484
476,-0.0758925042467118
477,0.00685099037328902
478,0.00960208032776742
479,-0.014291182611113073
480,-0.017977217092828453
481,-0.0024082503020638195
482,-0.0020144819047058916
483,-0.010883690838708675
484,0.05572563299486848
485,0.02794237667604911
486,-0.007604921349581376
487,0.030266397761700828
488,0.011642646029605866
489,0.06299228802494951
490,-0.010150588550213228
491,0.03311245713770944
492,0.03601369850921279
493,0.04251423416258431
494,-0.11877143995536237
495,-0.04669297076818945
496,-0.023290525621871772
497,-0.022939231880106173
498,-0.036864611182558016
499,0.03853837285427602
500,-0.005957775388495942
501,-0.03257921421900241
502,-0.016980619519221772
503,0.040825788251025764
504,0.051326897874258766
505,-0.034429273599854
506,-0.06105208291019706
507,-0.002190871800465366
508,-0.0495874082128852
509,0.06313746783982856
510,-0.034453465665432816
511,-0.059898991852936664
512,-0.020542286180965562
513,-0.041314995504583514
514,0.03431091017663887
515,-0.006170013408411092
516,0.09552917990659769
517,0.07060500931866473
518,0.00022312395535966197
519,-0.08871970474476144
520,0.010003717834300778
521,-0.006640906534112758
522,0.04770435399661776
523,-0.007753681909972521
524,0.027043256820382475
525,-0.06210661049840646
526,-0.06123252934002065
527,-0.013238475951728865
528,0.019033088817135592
529,-0.06113287002364382
530,0.12483085085116484
531,0.03485206356633875
532,-0.047643633864991125
533,0.03951846224552726
534,0.017896188531265015
535,-0.05561005742236807
536,0.0240605555168489
537,-0.007832596447308314
538,0.0005135947545817732
539,0.03875057091057324
540,0.014511631423709296
541,0.014209191800075946
542,0.05354460811205642
543,0.03745066335982677
544,-0.05014364452998447
545,-0.031060464738952073
546,-0.04413006646555267
547,0.031759945083100025
548,-0.04948908661890155
549,0.06115366826464434
550,0.022953236291700405
551,-0.007035786583247777
552,-0.016623522218647113
553,0.05130783817412556
554,-0.017084841841097834
555,-0.021904550628945568
556,0.04462651910627864
557,-0.02866262026625613
558,-0.0034443246890435587
559,0.034846815501241336
560,0.08132523030129986
561,0.010487164351954613
562,0.06687425415442336
563,0.02429875638273933
564,-0.04958762163058005
565,-0.028287164766474006
566,0.04226069955880913
567,0.04187192483542986
568,-0.03852810843509428
569,0.03832222475153027
570,0.024277601763591235
571,0.038448998962000595
572,0.07564865597806113
573,0.03520406418035295
574,0.003218544654158824
575,-0.01448782016447068
576,-0.0035576770318026126
577,0.034687176491668976
578,0.06281740762599193
579,0.030172876834490457
580,-0.030610303346793336
581,0.03088498936583701
582,0.026454064396754014
583,-0.041166126361870316
584,-0.02647314471503751
585,-0.0032085326811255458
586,-0.0026961409179828734
587,0.014288094510761903
588,0.0206160680450681
589,-0.05205066234665325
590,-0.05453230735554423
591,-0.029718857100586547
592,0.0737192093862068
593,0.031074731251936497
594,0.04788473186098032
595,0.020955208755175
596,0.024318424695109312
597,-0.06000361197409155
598,0.014785984997900894
599,0.02857395709191099
600,0.014607343592046103
601,0.016102478896744984
602,0.030530203658313975
603,-0.006892265583811761
604,0.019329765583356494
605,0.00015813559420556274
606,-0.005237688332786263
607,0.06053878104684073
608,-0.04120370142705449
609,0.02841955388618806
610,0.02041588631468237
611,0.0017355470298971304
612,-0.1036580487889952
613,0.022808689185449035
614,-0.018560669273411927
615,-0.008384469176774604
616,-0.005985934607680633
617,0.04577369885320424
618,-0.011161517918728929
619,0.01872216958903477
620,0.0063417059046874755
621,0.02199929566334246
622,-0.003700046488933545
623,0.003171730341629777
624,0.038609059104390185
625,-0.02472473678279682
626,-0.02006406079617482
627,0.09586358176287005
628,0.014627060587129525
629,-0.008034025887432166
630,0.02187205837963893
631,-0.01450057055287773
632,-0.029541376195855056
633,0.002919372181342665
634,-0.05408429535860666
635,-0.04787588337450787
636,0.005670133073873901
637,-0.041212660286943203
638,-0.009904719453204962
639,-0.031779651895481285
640,-0.02795430015030172
641,0.0008426060168715839
642,0.03396559171891656
643,-0.04256971408285117
644,0.003978810447959623
645,0.008476769719861924
646,0.0726701122207443
647,0.04926357399491099
648,-0.011670847025590906
649,0.008986712110718111
650,-0.029078233653368545
651,-0.030431695390478845
652,0.04998962552284541
653,0.0598827537270632
654,-0.006625295952090318
655,-0.012376949999165582
656,-0.02538446922771791
657,-0.033614241341393555
658,-0.04342451468799388
659,0.12675936217485267
660,-0.05498837801721722
661,0.0016099783680057567
662,-0.012862338193036421
663,-0.021241940700067317
664,-0.023611012404549953
665,0.08623879524796339
666,0.03424877406671628
667,-0.06805221900522841
668,-0.023116801653159384
669,0.04583798642140052
670,0.024018643104039752
671,-0.009454776163571155
672,-0.001564990117080651
673,-0.025425071074054072
674,-0.00342618424010133
675,-0.028590443373277992
676,-0.0761625044419403
677,0.011695728377369794
678,0.08509254880280631
679,-0.007936556385831952
680,-0.026145256113735964
681,-0.032327234641915656
682,-0.04165765727601191
683,-0.018708072790419604
684,-0.02387698052611747
685,-0.021335484161522787
686,0.03650360366685187
687,-0.06061507207037801
688,-0.007297496821102345
689,0.030706548407108954
690,0.031646369279811
691,0.06638439831471793
692,-0.050493756026748514
693,0.005549817572606266
694,-0.0448390304418672
695,-0.03545626915519377
696,-0.06531159997396306
697,0.0035770096363939795
698,0.03720558134630035
699,-0.027292358410549125
700,0.04859023360643861
701,0.03307970045232276
702,0.03195372780603209
703,0.03146949662299705
704,-0.02874345473838421
705,0.002197473204145867
706,-0.07056194777640205
707,0.056396959040723504
708,-0.07498122672510614
709,0.000489454069423187
710,-0.03493996403012552
711,0.03397816148627651
712,0.03379126624534864
713,0.05120289657410967
714,0.05783396970952905
715,-0.012059511406610195
716,0.05651906414328911
717,-0.04631025169868387
718,0.08434323846586662
719,-0.04349758705914496
720,0.013280230351849371
721,-0.03969605814377345
722,-0.02816741556727322
723,0.027917181558296048
724,0.009159973654104144
725,-0.03485918091554644
726,-0.04106695027755217
727,0.013314973059675534
728,-0.027675108622141953
729,0.037688708694066306
730,0.06664545683665117
731,0.03482640867278296
732,-0.006405037031185891
733,0.0024785581528794327
734,0.04571489880851509
735,-0.012468034078991413
736,0.10694178676363918
737,-0.036141314806808676
738,-0.016855887122729726
739,0.021226262716745388
740,0.037031956477978654
741,0.003978390304530071
742,0.012742854257754252
743,0.004173325806555028
744,0.06695829305744753
745,0.03344980149398304
746,-0.028584388858894756
747,0.004182673197109986
748,-0.0063482797005233885
749,-0.043331647214816624
750,-0.018136247053442266
751,0.025579958974895924
752,0.01834103426116541
753,-0.04907797262278049
754,0.008673030085835746
755,0.013283243207477646
756,0.02335159259296923
757,-0.0459723941484329
758,0.0019699541492176655
759,-0.042298066710031154
760,0.0037458848012256935
761,-0.14044690801359622
762,0.024354425126474333
763,-0.08586645014870488
764,0.002703444553567957
765,-0.0030648933586560683
766,0.0529448394279758
767,0.07345670097389832
768,-0.07482541799932095
769,-0.02442545541490939
770,0.0005139317904844154
771,0.04913424556450495
772,0.0320677765831265
773,-0.019625991386638404
774,-0.06134619753905065
775,-0.05900568625061689
776,0.005171064373580762
777,0.038811168281432204
778,0.024806327000105568
779,0.019173052446957516
780,-0.03103065694559592
781,-0.03644108005341338
782,-0.005087226287591997
783,-0.054006948092259685
784,-0.0652019910026848
785,-0.027058400839370236
786,0.022994929263205934
787,0.03186436459553208
788,0.017855856066586663
789,-0.079781277653845
790,-0.014001859850395895
791,0.02586257801874271
792,-0.05645395808348586
793,0.0005858899980524873
794,-0.07446682788811716
795,-0.040339138080987984
796,0.04763987410821765
797,0.003124670967931002
798,0.02551353924499008
799,-0.01471002347506309
800,0.030107982227252156
801,0.047849410285418205
802,-0.013805782349111579
803,0.023448480292614562
804,-0.03072373549867782
805,-0.011861296705093356
806,-0.05572006795405346
807,-0.028037098389318574
808,-0.09022406988711963
809,-0.058202689065055005
810,-0.0011122180548007188
811,-0.009554230663163249
812,-0.025480118474356613
813,-0.01691563790696682
814,0.03672835320009842
815,-0.004991796110265949
816,-0.0034917056006330744
817,-0.06785681736722345
818,-0.025914423913515363
819,0.01820386564488324
820,-0.029483195756267077
821,0.05255781042752295
822,-0.050680879156221784
823,0.04751828996085696
824,0.04447464672585062
825,0.011070741910587656
826,0.045430138572858866
827,0.03474700459707726
828,-0.07519953044009982
829,0.07870968401138216
830,-0.06454133556262946
831,-0.04593711949244746
832,0.03547266418565937
833,0.012142371584146055
834,0.05163050031890668
835,-0.012725280251986696
836,-0.04804644120978565
837,0.07342006496738165
838,0.02187777458638887
839,-0.06818938231057942
840,0.040820868430564886
841,0.027962933306255187
842,0.02460082785130277
843,0.04749546667152178
844,0.014874693053129474
845,-0.006286910582950754
846,-0.056024542150601916
847,-0.016712925008848047
848,-0.0897264472884622
849,-0.06514867680079248
850,-0.025748965586334667
851,0.012301333678899249
852,0.014639584005654186
853,-0.008927317073387963
854,0.009013435690970592
855,0.02367709859858868
856,-0.03731381426926027
857,0.05556079715884867
858,0.011505628870892876
859,0.031475591319784245
860,-0.016568451948372764
861,-0.03776032101267912
862,-0.024858509220375084
863,0.0012326603764904163
864,-0.003751682856043851
865,0.009966061038171345
866,-0.01990500074966371
867,-0.006680706606191712
868,0.02254888877591739
869,0.002439190164042947
870,0.002198114029854424
871,-0.04831096136301451
872,0.028209229057218815
873,-0.0344934580795769
874,-0.0028775738647470682
875,0.04508233017964292
876,0.03411322441651679
877,0.011470495796648486
878,0.0038444783063181385
879,0.018048607061266538
880,-0.02819590131748956
881,-0.03285650292973613
882,-0.034941855946954675
883,0.02424257946223059
884,-0.022683282715176795
885,0.010202327721916172
886,0.09248587472733619
887,0.0004972008338856722
888,-0.07738637229137443
889,-0.012385822441126335
890,0.08435122382113425
891,0.05647759076100283
892,0.102239001993459
893,-0.005930086429064339
894,0.09889625268343577
895,-0.02252828613796906
896,-0.011454446609399248
897,-0.029462913975145465
898,0.009343537842732402
899,-0.05841224367047077
900,-0.021418577506402102
901,0.004560876051448046
902,0.13162434022718644
903,-0.03958443797089656
904,-0.014476541719261852
905,-0.009134742176616764
906,-0.019839818602265427
907,0.04282548393243833
908,0.10508333820429824
909,0.048891047008364975
910,0.04355221188242801
911,0.03723572515252549
912,-0.037640162896480416
913,-0.031132508583050045
914,-0.006089373701452803
915,-0.03807377546527129
916,-0.0004537764430895913
917,0.02620181165996275
918,-0.003552838996709178
919,0.07375353870584112
920,-0.0318860754188998
921,-0.001655816383928094
922,0.031925867033652924
923,0.005287069528470955
924,0.007249907178206868
925,-0.031153053320969126
926,-0.017048981136655955
927,0.059409809304055525
928,0.002202468272904859
929,-0.003298660562571625
930,-0.02607309946146785
931,0.0734521120028
932,0.05077131863706645
933,-0.052763168849920584
934,0.0795225661916737
935,0.01773444547001512
936,0.03602813610113988
937,-0.026842290958845244
938,-0.02565515912378057
939,0.0105172899201499
940,-0.04025510959180063
941,-0.039476560969695464
942,-0.00011246010440769353
943,-0.07226665851025668
944,0.031642301113284754
945,0.044466054441204446
946,0.022131765383289
947,-0.0577966088905285
948,-0.027527041369502948
949,0.01548796051444346
950,0.03416037344741712
951,0.05453746313644394
952,-0.0050397146733473
953,0.011872518229379223
954,-0.028818517594478656
955,0.011669485787413196
956,0.07855549152298306
957,-0.06728629597419153
958,-0.010888695262883233
959,0.04949910657899764
960,0.04239461178811892
961,-0.026693699817346126
962,0.031865816948560964
963,0.036237197579969446
964,0.05507539475405809
965,-0.0639428666419805
966,0.06040930585226154
967,0.05960317114484705
968,0.019549375067226697
969,0.01888410393112227
970,0.08633617031521258
971,0.019416654731500182
972,-0.013854124284463297
973,-0.031225100213208793
974,0.06712096498035405
975,-0.03738086089116495
976,0.04725573377357863
977,-0.04878811502233581
978,0.032360282832878735
979,0.011662184675057245
980,0.030749314273960597
981,0.033402716408563904
982,0.03626458396841175
983,-0.02333759746371651
984,-0.03585664985807812
985,0.09099254332331087
986,0.03951834547735317
987,0.06488401552893677
988,0.00021900047684513858
989,-0.03563489002874308
990,-0.05529821132087858
991,0.026916235319244627
992,-0.01588382057689279
993,-0.061259987704411156
994,-0.04642046049356843
995,-0.043491873100858544
996,-0.027863629172049806
997,0.0007687498238786088
998,0.010234090096402115
999,-0.02894425775217767
1000,0.001216445837716508
1001,-0.06412491957382861
1002,-0.05402836467162084
1003,-0.07493952454479333
1004,0.004305628255281062
1005,-0.007270195921746238
1006,0.019066360808134317
1007,0.0051268532125848644
1008,0.047626554475762126
1009,0.012082872912895122
1010,0.04460867720311076
1011,0.03783812774887467
1012,0.06925761787332774
1013,0.06013915710807413
1014,0.01031333918586772
1015,-0.0606616449237414
1016,0.020307232151611336
1017,0.01027208115640273
1018,-0.023631990775479644
1019,0.048647531500447566
1020,-0.060851183649941944
1021,0.07351097930439685
1022,0.012025469223604554
1023,0.002351571022054892
1024,-0.058569840193356336
1025,-0.028215962598672116
1026,-0.013227032838817328
1027,0.021475521721254852
1028,0.06386709567766534
1029,-0.041777964039639875
1030,0.033165262850831705
1031,0.01599465824879042
1032,0.04125840259811551
1033,-0.0916466982736431
1034,-0.004300686792412546
1035,0.006384222097654918
1036,-0.006391841556624798
1037,-0.03717767418158144
1038,-0.03580521885515535
1039,-0.03772757292991381
1040,-0.010422637877974483
1041,0.0477461722472102
1042,-0.04688897605206933
1043,-0.07331612705572799
1044,-0.040350200987107905
1045,0.06890455005346248
1046,-0.06384150765765449
1047,0.01803152800945894
1048,0.0020244376237895886
1049,0.06808938282636924
1050,0.03462806561779436
1051,0.026688054346363163
1052,-0.0012377163587177194
1053,0.0572258225662794
1054,0.025189231346508297
1055,0.029959103835867616
1056,0.0022711160834977123
1057,-0.02054346147373707
1058,0.020664690601392546
1059,0.039882502090830434
1060,0.07260837359411125
1061,-0.0005836649963307449
1062,0.02174581670234356
1063,-0.08699425311755578
1064,0.023504101918722823
1065,-0.03170719784321697
1066,-0.040849793084418155
1067,0.0017007497141251634
1068,0.06066375774849816
1069,0.022979154532639864
1070,-0.011446883067326703
1071,-0.006906059242434132
1072,-0.0025298721243258546
1073,0.08836735736729176
1074,0.031325694808311336
1075,0.0034739119684291282
1076,0.015310426550957733
1077,-0.07463290956021149
1078,-0.029799923386166705
1079,0.02783942889603187
1080,0.011472210108103722
1081,-0.03778287384776994
1082,0.08231912689524619
1083,0.06469806024788942
1084,0.09005937348697267
1085,0.022681789754693326
1086,0.11109220385667032
1087,0.051706262684118015
1088,0.05752278936409505
1089,0.019450127938656435
1090,0.02420525644992575
1091,0.010910830811498474
1092,-0.007239603490044788
1093,0.061159775545636126
1094,0.018415419619002536
1095,0.03920946179533228
1096,0.012150043263545353
1097,0.0378503333021586
1098,0.037414857956597
1099,-0.009580816121268876
1100,0.03734603413218946
1101,0.0023575592200614608
1102,-0.019123320274277922
1103,-0.02181753086680701
1104,0.046874140214243624
1105,-0.01944494103168443
1106,0.007519016555449482
1107,-0.010525994382066105
1108,0.00670966010535637
1109,0.00934431890461388
1110,0.016353571387895286
1111,-0.032685123117425274
1112,-0.0067964880782889
1113,-0.014496940853696
1114,0.04134169129726327
1115,0.05381379369578893
1116,-0.014666544841816608
1117,0.06145018880807714
1118,0.006217531197739717
1119,-0.020118828472721957
1120,0.014501933473279825
1121,-0.022710499174348635
1122,-0.03677911438674914
1123,0.06143177897972219
1124,0.12475067846586056
1125,-0.029954606438532164
1126,-0.0451166417695026
1127,-0.037827936866452576
1128,-0.023534675533114786
1129,0.01852520493750052
1130,0.054977997997665284
1131,-0.03205733100846095
1132,-0.03340383570438118
1133,0.01060380226531732
1134,0.014830861619979648
1135,-0.03015256996093875
1136,-0.009300061495974413
1137,-0.028565023390422873
1138,0.08387448611719107
1139,0.004937337005267386
1140,-0.03396596000238168
1141,-0.029221604712809778
1142,-0.008806690962342321
1143,-0.010889711559334008
1144,0.003644099873961926
1145,-0.020931467314609674
1146,-0.04770135690932353
1147,0.03143616020945436
1148,-0.06398141955208972
1149,-0.006155422500708268
1150,-0.008956077392774655
1151,-0.004449108374630723
1152,-0.013189651307236512
1153,0.05880943385926529
1154,-0.030286678522677822
1155,-0.0010272322150100047
1156,-0.0016973886874970478
1157,-0.02918425904472261
1158,-0.054177149085966436
1159,0.006829268474298664
1160,-0.009633902972321064
1161,0.046783640648323646
1162,0.050901279172653496
1163,0.049266982494075094
1164,-0.022918461990043548
1165,0.06931115346629119
1166,0.028548547892775715
1167,-0.027325515173077734
1168,-0.041596729144040334
1169,0.06528764041436548
1170,0.021164784847241717
1171,-0.04401097048585382
1172,-0.0059346789771345535
1173,-0.04660409932659257
1174,-0.00511570906505002
1175,0.05134364996173874
1176,0.014163722907055157
1177,-0.01806393715378665
1178,0.026474240110088042
1179,-0.02971774555406333
1180,0.03661008822754246
1181,0.02748645243845022
1182,0.01518550778446764
1183,-0.0333907953046681
1184,0.03461339516378869
1185,0.10268088574889014
1186,0.08724526593170043
1187,0.018185070273437482
1188,-0.012206994598458096
1189,0.03934022042951395
1190,-0.004604774559763303
1191,-0.010880895355116715
1192,0.011850214065288647
1193,-0.009063770895528511
1194,-0.024421054493753997
1195,0.010229675278855791
1196,0.022720655577572427
1197,0.02930148678468754
1198,0.005560379636254821
1199,0.005498349151548895
1200,0.01399888124085843
1201,0.0676206770971796
1202,-0.04578364543771214
1203,0.011239186704959672
1204,-0.02390285952500312
1205,-0.03403569001140556
1206,0.006847819146309305
1207,0.014703581572052876
1208,-0.09359691246624287
1209,-0.011615546573100387
1210,0.07612152797670182
1211,-0.015300987290813525
1212,0.06259568322725773
1213,0.009184572370955508
1214,0.02866157285524379
1215,0.016981972621899846
1216,-0.006883460857333219
1217,0.020936483923873712
1218,-0.0056770161597007604
1219,-0.028198556545955936
1220,0.050458787032010725
1221,-0.08000164343938386
1222,-0.013332020349340794
1223,0.009305815132170808
1224,0.09356391505298753
1225,-0.06764551021880856
1226,0.04827295009655137
1227,0.03622289733828806
1228,-0.059601464573285245
1229,-0.002622694136130801
1230,0.019543003757551834
1231,0.006373715697331712
1232,0.04431311629126238
1233,-0.001398889013347087
1234,0.013506166372301983
1235,-0.0423055684868452
1236,0.012763635960262107
1237,-0.035212989772479365
1238,-0.018169030496808684
1239,-0.03837426538300607
1240,-0.07249388842358892
1241,0.005101636187268258
1242,0.01293540469616116
1243,0.01699657926028934
1244,-0.05049523967514424
1245,-0.035537613216307655
1246,0.03695068736465564
1247,0.031674029208094416
1248,0.08835980698308067
1249,-0.0532368383082343
1250,0.0535651449898267
1251,0.00880194704141205
1252,0.0022184301305084434
1253,-0.010147291414957316
1254,0.06255962758085355
1255,-0.032947785275352255
1256,-0.09287904334712066
1257,-0.03399301627499323
1258,-0.040618788945649
1259,-0.019915733213784214
1260,-0.07672639189505749
1261,-0.04491959589951503
1262,-0.012845212427921013
1263,-0.03455089809385422
1264,-0.02292146417498131
1265,0.012802788634622319
1266,0.0041546814312894385
1267,-0.02005805353821891
1268,-0.03294675913963424
1269,-0.05638262262138103
1270,0.10135219301916369
1271,0.009434573440831304
1272,0.07230632952119284
1273,-0.06982448383064536
1274,-0.042510316358390136
1275,-0.05122176583133853
1276,-0.06455154528553121
1277,-0.0056786933238793386
1278,0.054495098801130695
1279,-0.06674436804782348
1280,-0.1312835774442446
1281,0.054101696747759505
1282,-0.011770992514372454
1283,0.01886144570988132
1284,0.04607616971878448
1285,0.028935731316036533
1286,-0.0498865935872015
1287,0.009891457959840687
1288,-0.04853255487824717
1289,-0.021080810359930428
1290,0.02545673771302242
1291,0.005556820371859561
1292,0.01093886414905006
1293,-0.012477443491489435
1294,-0.026507083908473745
1295,0.033602768342751235
1296,0.041909951502505816
1297,0.050470595894145896
1298,-0.04402195512397377
1299,0.07611859954129972
1300,0.04285814316524403
1301,-0.08739214964339279
1302,-0.045773029941591686
1303,-0.007296965693678651
1304,-0.03570723591262687
1305,0.0036921885100559197
1306,-0.02740098146776459
1307,-0.010723508635527823
1308,0.06454677680208043
1309,0.020324940109437004
1310,0.01372666133094421
1311,0.014231957331756275
1312,0.009938820123517558
1313,-0.10648420831024816
1314,0.09863007981660825
1315,0.03401529045205427
1316,-0.02483980840155979
1317,0.002384470747593747
1318,-0.008382984823857974
1319,-0.04549956124320904
1320,0.0518498598401894
1321,0.022118015725051926
1322,0.016216504577970834
1323,0.055310066341510956
1324,0.07186607725594683
1325,0.012555743272933432
1326,-0.016607318118037905
1327,0.04334894580617344
1328,-0.023716677009417167
1329,-0.040875324510297954
1330,-0.007254223709312752
1331,-0.009702235155027912
1332,-0.030203791562047968
1333,-0.053378938099561804
1334,0.03165515160363577
1335,-0.09442386083102426
1336,-0.0305437392783845
1337,-0.005959091489411002
1338,0.056239142832711086
1339,0.022760582156620662
1340,0.04466576303659256
1341,-0.011834278728997434
1342,-0.023564920591871655
1343,-0.0365231212844004
1344,0.03857524642631667
1345,0.026962333565290243
1346,-0.022828382751753768
1347,0.03456456915504329
1348,0.057646126275318274
1349,0.04606895620965272
1350,0.07324938747803976
1351,0.010539306162391406
1352,0.08485531885714889
1353,0.03538137811571664
1354,-0.07534315969386869
1355,-0.01864649079619839
1356,-0.10313109678449976
1357,-0.007280101560357919
1358,-0.026481263981695945
1359,0.03373576778257492
1360,0.008799318697563552
1361,0.04448996506240194
1362,-0.005906329822886837
1363,0.12208131473855251
1364,0.008369926459110286
1365,-0.03713961333434235
1366,0.01186725819883263
1367,-0.05077232864521736
1368,-0.08477722092131437
1369,-0.05805310290593887
1370,0.05505552618521408
1371,0.02804577277247703
1372,-0.017026343586104747
1373,-0.013481459645959332
1374,-0.009559306449975088
1375,-0.028116514906354226
1376,-0.07450727082198691
1377,-0.043973713644573635
1378,0.02056061066221692
1379,0.009632855682811726
1380,-0.014196448495861349
1381,0.07207327672258923
1382,0.09584272788857967
1383,-0.009858544670136887
1384,-0.005718477756438342
1385,0.10991826764300802
1386,0.05526874627858617
1387,0.07783424028037744
1388,0.039941078668419
1389,-0.038954760636475655
1390,0.04259896527851852
1391,0.04035599791985681
1392,0.021706035060266086
1393,0.02051648112159099
1394,-0.014780440747495066
1395,-0.04243476004418428
1396,-0.03435061894405437
1397,0.09948868238121411
1398,-0.021393304974768396
1399,-0.02385566999029694
1400,-0.0545850862801539
1401,0.012171600347588815
1402,-0.0439270880232239
1403,0.03342826969952156
1404,0.03468597781783805
1405,-0.07612191164316678
1406,0.03490364271203144
1407,-0.04175913647039465
1408,0.04426375254127268
1409,0.010650720354076423
1410,-0.03303187596930448
1411,-0.10044245909698238
1412,0.06182820460564129
1413,0.02007263920747602
1414,-0.029090742522911887
1415,-0.0029533961158664584
1416,-0.01571846161096952
1417,-0.00898063041931166
1418,0.046617114690569776
1419,-0.1104164781864643
1420,-0.03337429897681446
1421,-0.0026602060041903755
1422,0.027269392666284333
1423,-0.0012279330599801112
1424,-0.04680844708541955
1425,0.0036277397689773766
1426,-0.0681282095097227
1427,-0.03973536422675417
1428,-0.05569648686823677
1429,-0.02674245638469237
1430,0.03640345704279053
1431,-0.01828348672657483
1432,0.015378052895609128
1433,0.04795912284961819
1434,0.0189688338146732
1435,0.156532363620736
1436,0.03331431305033684
1437,-0.001550055032623168
1438,-0.004133020874511908
1439,0.0015176253733642764
1440,0.03627909097127911
1441,-0.013575341542237043
1442,-0.0043500236632238775
1443,0.010480957416973928
1444,0.06689000511384564
1445,-0.05458278564549055
1446,-0.03452466047773311
1447,0.02504274388292974
1448,-0.07735586655041418
1449,-0.018644231584344514
1450,-0.021516006919239324
1451,0.051227081219030565
1452,-0.03801141281406154
1453,-0.005109198196763269
1454,0.03825182035313921
1455,0.030372214110830846
1456,-0.051046495029273775
1457,-0.04468407348602319
1458,0.008069983432152338
1459,-0.0013617765254503658
1460,-0.042263063963602666
1461,0.024155050457126386
1462,-0.014628343257003469
1463,-0.03183193787810324
1464,0.018939911141739794
1465,-0.0028576133836813247
1466,-0.02521676862846294
1467,-0.0011671570342227904
1468,-0.0012552557210096583
1469,-0.03250029992651628
1470,-0.04714649598868681
1471,-0.07111162585281919
1472,-0.004302678133102437
1473,-0.02118120291112922
1474,-0.07861634671498686
1475,0.010853644195593759
1476,0.02702019906169824
1477,-0.11641480105071628
1478,0.03878774506049955
1479,-0.06743579415168165
1480,0.01964687957967189
1481,0.011390118017124628
1482,-0.07463132414085656
1483,-0.035184473081221766
1484,0.059520382495612846
1485,0.0386763466833678
1486,0.02831972352897154
1487,-0.05097429472363684
1488,-0.04056425317446756
1489,0.008134904554090707
1490,0.008148986716442184
1491,0.019572260005299946
1492,0.020371553935773255
1493,0.058868132738912164
1494,-0.008675138845847627
1495,-0.09250782072486127
1496,-0.06277664809085362
1497,-0.010834701125779164
1498,0.011038654584815953
1499,0.04662469200279642
1500,0.011048251654879415
1501,0.05208873918764484
1502,0.08118239726354094
1503,-0.025652403651890407
1504,-0.0015895408749915174
1505,0.014751773298134376
1506,-0.0038351049336900504
1507,-0.0038052530803181985
1508,-0.03643545660467759
1509,0.009166316355692138
1510,-0.05357903218993619
1511,-0.0011459145635657948
1512,-0.0374538998843466
1513,0.05663549757761196
1514,0.04232671772879902
1515,0.07209207811459484
1516,-0.03384692747029937
1517,0.04185991676458305
1518,0.004604686686889855
1519,-0.04245311682933431
1520,-0.011294746312707734
1521,0.023878367554741188
1522,0.0051946836486900134
1523,0.015784802486075455
1524,-0.0335045254359838
1525,0.014063670111529971
1526,0.04005891702111371
1527,-0.015151047607337582
1528,0.02063300745168597
1529,0.011589316596334623
1530,0.02769262499486989
1531,-0.03989346766163615
1532,-0.0025295856669420745
1533,0.014901326965769351
1534,0.0644184009436297
1535,0.01163775283997433
1536,0.0815491646135059
1537,-0.0817373402354231
1538,0.09452665839764361
1539,-0.04621029048236794
1540,0.0505515843647748
1541,-0.02350931274159861
1542,0.01967844340422292
1543,-0.04404682331854082
1544,-0.022189899024856175
1545,-0.03802447143044294
1546,7.360923125391185e-05
1547,-0.022386209622716417
1548,0.005233553120745566
1549,0.010108465616457804
1550,-0.014238251840275022
1551,-0.012170172379738952
1552,-0.04967081327191479
1553,-0.032824146058820954
1554,-0.011178530638715132
1555,0.0007490058399112948
1556,-0.014270267769766403
1557,-0.05690048008539218
1558,0.040989784886441914
1559,-0.04745108287714698
1560,-0.005765347180870942
1561,-0.0863034424291903
1562,0.002221572028924305
1563,-0.06767292888236139
1564,0.06575854187929295
1565,0.03538060282196983
1566,-0.06634301450509981
1567,0.021412766745343953
1568,0.025430342250383885
1569,0.02634578408045934
1570,0.05193541783126876
1571,0.15084928410936913
1572,0.020325157701068214
1573,0.053210107872265336
1574,0.015093125601500735
1575,0.01967011035840146
1576,-0.048631024959689274
1577,-0.015401678808844011
1578,0.03714469514416363
1579,-0.011635091319136807
1580,-0.05251334823960095
1581,-0.02945091553160294
1582,-0.013600354897321119
1583,0.05154088376121511
1584,-0.0019521614242850006
1585,0.09604123387959226
1586,-0.02229047297240832
1587,0.013462506277641968
1588,0.044549009693308494
1589,0.03323565368616208
1590,0.02468480568643981
1591,0.04039601364558636
1592,0.03128038449612602
1593,0.026238569623017984
1594,-0.013264318661911691
1595,0.054288151946736966
1596,-0.03448276715147509
1597,0.05098724154550165
1598,-0.012591032823623198
1599,-0.04340169343366317
1600,0.0008067723196921983
1601,0.02816310344414783
1602,-0.06884440077720118
1603,0.050157210580116844
1604,-0.043369083405315506
1605,-0.05622448625895443
1606,0.054555088993071967
1607,-0.06934164040197154
1608,0.017384976967143875
1609,-0.028894017202338942
1610,0.055334593533510695
1611,-0.1432120768141242
1612,0.01134650881486473
1613,0.04816350246546564
1614,-0.04272063152789767
1615,-0.06669089731263111
1616,-0.03348292262477563
1617,0.0001054992422275236
1618,0.061601484473724745
1619,-0.01114602323478787
1620,-0.05686618669981713
1621,-0.05209046931444025
1622,0.0013451391009556622
1623,0.013412830724353932
1624,-0.06374347421547251
1625,-0.019756125589822156
1626,0.010083008842926906
1627,-0.10867989440524434
1628,-0.0322064154835068
1629,-0.03210898319505319
1630,0.022037337050276263
1631,-0.06083602612925291
1632,-0.018751045207071895
1633,0.0006517593089890677
1634,0.0033915861014833107
1635,-0.0037598540839755335
1636,-0.03936898014908828
1637,-0.06336183770139334
1638,-0.055806010298323154
1639,-0.009124310978540922
1640,0.025781934362174852
1641,0.07069739686431133
1642,-0.012997510237451737
1643,-0.0321221005414094
1644,-0.016239641432760916
1645,0.059416409425021015
1646,-0.06779167058295875
1647,0.0010013782337849346
1648,0.07466818986127617
1649,0.041597641586596054
1650,-0.009860745359972431
1651,-0.05053056977443757
1652,-0.02558922127712114
1653,0.05387172853446319
1654,-0.007426127936519122
1655,-0.028911504901472145
1656,0.02193175278011924
1657,-0.030399380078167712
1658,-0.022884541873320646
1659,-0.015133080322618014
1660,0.09328655207080645
1661,0.050452649190559654
1662,-0.04628265601854888
1663,0.008623704213461585
1664,-0.013766783959757008
1665,0.04381106138032782
1666,0.023889888614815183
1667,-0.015627177149565224
1668,-0.008715173094053499
1669,0.033826971415736005
1670,-0.004418555736000452
1671,0.025732387689260994
1672,-0.00018145321442446992
1673,0.009402251917262077
1674,0.0721468578066836
1675,0.02685994473356036
1676,0.01332676261795324
1677,-0.018930825798984096
1678,-0.000581610653075297
1679,0.02300117478175577
1680,-0.007028404819972411
1681,0.06297793758271603
1682,0.04266497086646772
1683,-0.0025050860847825743
1684,-0.024934292868247096
1685,-0.06973631478162313
1686,0.059258118067406204
1687,0.031590026129863516
1688,0.04419434291630167
1689,-0.017426837703373582
1690,-0.007552531345189474
1691,-0.029736211262053405
1692,0.05371918200522925
1693,-0.07976344224028088
1694,0.07347391625392953
1695,0.08001801762455987
1696,-0.11688590449330802
1697,0.053402036906843295
1698,-0.0590787902798945
1699,-0.04456926767426879
1700,-0.03270644140360188
1701,0.016403843078554935
1702,-0.004341268546608997
1703,-0.07764887551487488
1704,-0.0896115769323808
1705,0.0354723707549356
1706,0.0510660307315863
1707,0.03878042843425186
1708,-0.0038846749428034294
1709,-0.012975370408087394
1710,0.05605294881381419
1711,-0.06472762500203458
1712,-0.045628399290308076
1713,-0.0822789005535791
1714,0.012643789342329752
1715,-0.009215276396245599
1716,-0.049695806820139056
1717,0.0702852764876501
1718,-0.00885729769312159
1719,0.04580862210685758
1720,0.006233287521304306
1721,-0.02897193039739043
1722,0.03840961195060774
1723,-0.013776879162072455
1724,0.047870632490562635
1725,-0.013798530822383515
1726,-0.08501283494020989
1727,0.06325049853324807
1728,-0.009236776350726426
1729,0.015490189235115642
1730,0.03495256482840866
1731,0.04060902245750187
1732,0.02005956063052225
1733,-0.10500542005547205
1734,0.03085450921307307
1735,0.014729779810025294
1736,-0.0019810091207997016
1737,0.0488150392479976
1738,0.09496377133725546
1739,-0.06791028187357674
1740,-0.027776059140919167
1741,-0.021601244151714584
1742,-0.04125445423364713
1743,-0.04523455076113253
1744,0.022352156386514603
1745,0.07111646107835387
1746,-0.04676429624027739
1747,-0.016500147996298887
1748,0.046198829007503064
1749,0.11072934380444831
1750,0.04314001437969549
1751,-0.006576247972316208
1752,-0.05497341530377267
1753,0.07059867162469179
1754,-0.045617509451534546
1755,-0.00693767364329563
1756,0.03213618486047169
1757,0.06516656700444307
1758,-0.025933716472103047
1759,0.011514917678101873
1760,0.04643998355994292
1761,0.13136552889267103
1762,0.04222406567265782
1763,-0.0006825378460876756
1764,0.048362198269984974
1765,-0.10879164371205499
1766,-0.006200361100994832
1767,-0.03164062777300074
1768,-0.03159093726868502
1769,-0.04613307072669826
1770,-0.04564453998391709
1771,-0.014455587068707107
1772,-0.0386333208177276
1773,-0.031347234062689563
1774,0.03211979364598432
1775,-0.029307011037963942
1776,-0.0736915773168044
1777,-0.03260496784947581
1778,0.06092914390838561
1779,-0.12854579034067082
1780,0.02507240679971154
1781,0.056145425230715085
1782,0.026651047991231913
1783,0.0348296845947923
1784,-0.020095711798601215
1785,0.07265582924576788
1786,-0.011080795282200165
1787,-0.03686307800419496
1788,-0.03527766378595598
1789,0.0014801130303257835
1790,-0.028954994796573617
1791,-0.011849804281169657
1792,0.031941949003032793
1793,-0.0691706111465349
1794,0.027056627570733533
1795,-0.028111480616792018
1796,0.08473852892026842
1797,-0.08589887029509938
1798,-0.028356650350733256
1799,-0.008277713911886444
1800,-0.06314488672051531
1801,0.031536832674489236
1802,-0.03245392865739722
1803,-0.0035244475588261533
1804,-0.11644713066078019
1805,0.015911428835323475
1806,-0.008905736891572548
1807,-0.06886432720557706
1808,-0.017543351845398836
1809,-0.033564955291570525
1810,0.07257445401866802
1811,-0.022513261971621044
1812,0.05153871888386395
1813,-0.15279117955521554
1814,0.08756189077492539
1815,-0.0575169129814197
1816,0.00921895485670441
1817,-0.020677505231262407
1818,0.00800724324039708
1819,0.00833571604118091
1820,0.02214575097546584
1821,0.0024473758850865196
1822,-0.06028327323919176
1823,-0.020246549179505084
1824,-0.04320295298564407
1825,-0.015724855634736027
1826,-0.046058846043644096
1827,0.027800887767212408
1828,-0.012202916397400045
1829,-0.011557524313784085
1830,0.04875446253757922
1831,-0.0021303052682548366
1832,-0.011589183872827336
1833,-0.010870120058613967
1834,0.06061409094732109
1835,-0.0023331083837244844
1836,-0.016012243706105298
1837,0.036733901466404456
1838,-0.03169825020120382
1839,0.0028119851116246656
1840,0.01669226354987609
1841,0.04979809946073803
1842,0.035715293114928215
1843,0.017598279713218645
1844,0.001650807490993954
1845,-0.04438004688658078
1846,0.012959203595921377
1847,-0.0054871857719397486
1848,-0.04338409702352954
1849,0.009638409835990607
1850,0.037450100899041196
1851,-0.02272086981486859
1852,0.0014995050160090918
1853,0.032441902367593395
1854,-0.042211160848426195
1855,0.013278159881739991
1856,0.021410658306215018
1857,-0.04526964175915093
1858,0.005034236579706742
1859,0.01512052511957737
1860,0.048248897026660936
1861,-0.05087801281799046
1862,0.06190400908828004
1863,0.08801488840224965
1864,0.0058582974404005755
1865,-0.06505136566558709
1866,0.0010435413016437367
1867,0.01624159508108532
1868,-0.04977228000935669
1869,-0.07913602407404803
1870,0.006054582911220464
1871,-0.019529903974921985
1872,0.010158998595450709
1873,0.031256057906095404
1874,0.06653736265669336
1875,0.0518494207282689
1876,-0.013996199444573703
1877,0.0468068535078222
1878,0.0012414702973040882
1879,0.047118788907925646
1880,-0.016105255943444224
1881,0.014359338490595373
1882,-0.01595312007012655
1883,0.1111940072000467
1884,-0.01548996740571236
1885,-0.014381529360880397
1886,-0.026756168205214613
1887,0.037864974039217805
1888,0.05254327583074047
1889,0.0028800161993836892
1890,0.05094786359967745
1891,0.002530511684553665
1892,0.11038472508029759
1893,-0.07963508866894317
1894,0.08727189253716885
1895,-0.05897863012654959
1896,-0.018598669251635024
1897,0.0956389489378194
1898,-0.013346942121349504
1899,-0.10476112290830039
1900,-0.07381906799492535
1901,0.054264309286746866
1902,0.026793926281322256
1903,0.015473130241454844
1904,0.020532553154589576
1905,-0.03456095063438754
1906,-0.0168985966057764
1907,0.022423700788315917
1908,0.03873400979790383
1909,-0.06856776536133581
1910,0.03898095625029203
1911,-0.004722628567714638
1912,0.06297891015147845
1913,-0.002328859031667865
1914,0.09942521031006653
1915,-0.014035535990901158
1916,0.07118236982282554
1917,0.016752450721355814
1918,0.021403143603309097
1919,-0.05930739873619663
1920,-0.9217961314524253
